model_name,process_1,process_2,process_3,process_4,process_5,process_6,process_7,process_8,process_9,process_10,process_11,process_12,process_13,process_14,process_15,process_16,process_17,process_18,process_19,process_20
gemini-1.5-pro-002-IT1,0.9565217391304348,0.9831658717740878,0.9482316760635571,0.8879141493558436,0.8520971302428256,0.9542371976290918,0.93021109774815,0.9743589743589743,0.7915247118121989,0.8975170390942342,0.8169596488044593,0.8556453118772481,0.8176279447603574,0.662882309762662,0.8766839378238341,0.9579180300638035,0.7478663742356646,0.6433776115475162,1.0,0.9166817396591721
gemini-1.5-pro-002-IT2,0.871861471861472,0.9831658717740878,0.9482316760635571,0.8547461368653415,0.7873115019989247,0.9542371976290918,0.9171736995643154,0.8651488616462346,0.9647419273126422,0.9149693119861061,0.8358549724088424,0.823803744341898,0.9811056682995101,0.8327288375238212,0.8713789107763613,0.9474992018649523,0.0,0.5209391263177997,1.0,0.9534002351821699
gemini-1.5-pro-002,0.8040177987174454,0.8855660571778111,0.9482316760635571,0.8800721370604143,0.8493789485414506,0.9175289548771913,0.8887382963487668,0.8651488616462346,0.8882088281788327,0.9515851784481608,0.8169596488044593,0.836709477514886,0.5535922997593675,0.8466864490603363,0.9427312775330398,0.8304544950998262,0.8149757988444445,0.840957118251365,1.0,0.9622875301627491
gemini-1.5-pro-002,0.8199088799105991,0.9831658717740878,0.9482316760635571,0.9276355573473087,0.8493789485414506,0.9542371976290918,0.8887382963487668,0.8651488616462346,0.8475603274157532,0.5759467016560778,0.8652797798968673,0.8556453118772481,0.8176279447603574,0.662882309762662,0.9714285714285714,0.852279494144759,0.8412276709946179,0.7788761836706469,1.0,0.967117097463482
