model_name,process_1,process_2,process_3,process_4,process_5,process_6,process_7,process_8,process_9,process_10,process_11,process_12,process_13,process_14,process_15,process_16,process_17,process_18,process_19,process_20
gemini-1.5-pro-002,66.66666666666667,22.22222222222222,16.666666666666668,0.0,100.0,25.0,15.789473684210526,50.0,0.0,20.0,5.555555555555555,4.761904761904762,0.0,0.0,0.0,11.11111111111111,0.0,0.0,100.0,39.54545454545455
gemini-1.5-pro-002,33.333333333333336,22.22222222222222,16.666666666666668,0.0,0.0,25.0,3.9473684210526314,0.0,50.0,20.0,11.11111111111111,0.0,50.0,0.0,0.0,0.0,0.0,0.0,100.0,16.363636363636363
gemini-1.5-pro-002,16.666666666666668,0.0,16.666666666666668,0.0,25.0,0.0,1.9736842105263157,0.0,7.142857142857143,20.0,5.555555555555555,2.380952380952381,0.0,0.0,25.0,0.0,16.967509025270758,0.0,100.0,23.863636363636363
gemini-1.5-pro-002,16.666666666666668,22.22222222222222,16.666666666666668,7.142857142857143,25.0,25.0,1.9736842105263157,0.0,0.0,0.0,11.11111111111111,4.761904761904762,0.0,0.0,50.0,0.0,0.0,0.0,100.0,0.0
