model_name,process_1,process_2,process_3,process_4,process_5,process_6,process_7,process_8,process_9,process_10,process_11,process_12,process_13,process_14,process_15,process_16,process_17,process_18,process_19,process_20
gemini-1.5-pro-002,0.9166666666666666,0.9668891360771239,0.901559454191033,0.8231292517006791,1.0,0.9124795751633988,0.9415427741394296,0.9500000000000001,0.8874934589220287,0.8912759462759464,0.7869532998384535,0.8270786384729328,0.8986607142857144,0.9140350877192982,0.8545454545454544,0.9534123605047923,0.829491102414486,0.6792413711834114,1.0,0.9655120694522908
gemini-1.5-pro-002,0.8412698412698414,0.9668891360771239,0.901559454191033,0.8231292517006791,0.9125368592759897,0.9124795751633988,0.8470183068099496,0.8636363636363636,0.961760461760461,0.9140526140526142,0.8375824403835632,0.7857988650005459,0.9629120879120879,0.9140350877192982,0.8545454545454544,0.9424074829956397,0.8590018776441093,0.8738754164906585,1.0,0.916639129151482
gemini-1.5-pro-002,0.716025641025641,0.9159389594873468,0.901559454191033,0.8714285714285704,0.9551378446115288,0.861670106639147,0.7997560731452104,0.8636363636363636,0.9300144300144285,0.9076418597742129,0.7869532998384535,0.7941749506820273,0.8986607142857144,0.8991596638655462,0.8916666666666667,0.9167083569629563,0.8690461666788502,0.8966610552876831,1.0,0.9342126088667632
gemini-1.5-pro-002,0.6947843822843822,0.9668891360771239,0.901559454191033,0.865037593984962,0.9551378446115288,0.9124795751633988,0.7997560731452104,0.8636363636363636,0.8217893217893196,0.8072475920192639,0.8819175326326387,0.8270786384729328,0.8986607142857144,0.9140350877192982,0.9444444444444445,0.8893427995432946,0.8487525589102286,0.9138412393860121,1.0,0.9363279178002358
