model_name,process_1,process_2,process_3,process_4,process_5,process_6,process_7,process_8,process_9,process_10,process_11,process_12,process_13,process_14,process_15,process_16,process_17,process_18,process_19,process_20
gemini-1.5-pro-002,1.0,1.0,1.0,0.9637681159420289,0.7423076923076923,1.0,0.9191489361702128,1.0,0.7142857142857143,0.9038461538461539,0.8493449781659389,0.8862559241706162,0.75,0.52,0.9,0.9624664879356568,0.6808667815808914,0.6111111111111112,1.0,0.872552783109405
gemini-1.5-pro-002,0.9047619047619048,1.0,1.0,0.8888888888888888,0.6923076923076923,1.0,1.0,0.8666666666666667,0.967741935483871,0.9158878504672897,0.8341346153846154,0.8656716417910448,1.0,0.7647058823529411,0.8888888888888888,0.9526462395543176,0.0,0.37107234427630587,1.0,0.9932330827067669
gemini-1.5-pro-002,0.9166666666666666,0.8571428571428572,1.0,0.8888888888888888,0.7647058823529411,0.9811320754716981,1.0,0.8666666666666667,0.85,1.0,0.8493449781659389,0.8840579710144928,0.4,0.8,1.0,0.7590361445783133,0.7672396359959555,0.791769440477736,1.0,0.9921021455837831
gemini-1.5-pro-002,1.0,1.0,1.0,1.0,0.7647058823529411,1.0,1.0,0.8666666666666667,0.875,0.4476744186046512,0.8492581602373888,0.8862559241706162,0.75,0.52,1.0,0.8181818181818181,0.8338350391330523,0.678646934460888,1.0,1.0
