{
    "log_name": "01.txt",
    "conversation_length": 2,
    "visible_transitions_ground_truth": 8,
    "visible_transitions_generated": 8,
    "shared_activities": 8,
    "fitness": {
        "percFitTraces": 49.1,
        "averageFitness": 0.8594090909090902,
        "percentage_of_fitting_traces": 49.1,
        "average_trace_fitness": 0.8594090909090902,
        "log_fitness": 0.867162761571779
    },
    "precision": 1.0,
    "time (sec)": "104.44970607757568"
}{
    "log_name": "02.txt",
    "conversation_length": 2,
    "visible_transitions_ground_truth": 16,
    "visible_transitions_generated": 16,
    "shared_activities": 16,
    "fitness": {
        "percFitTraces": 0.8097165991902834,
        "averageFitness": 0.861406587971694,
        "percentage_of_fitting_traces": 0.8097165991902834,
        "average_trace_fitness": 0.861406587971694,
        "log_fitness": 0.8602481359264073
    },
    "precision": 1.0,
    "time (sec)": "77.71663093566895"
}{
    "log_name": "03.txt",
    "conversation_length": 2,
    "visible_transitions_ground_truth": 11,
    "visible_transitions_generated": 11,
    "shared_activities": 11,
    "fitness": {
        "percFitTraces": 51.4,
        "averageFitness": 0.948677355126271,
        "percentage_of_fitting_traces": 51.4,
        "average_trace_fitness": 0.948677355126271,
        "log_fitness": 0.948735297529289
    },
    "precision": 0.9971392943592753,
    "time (sec)": "75.68202066421509"
}{
    "log_name": "04.txt",
    "conversation_length": 2,
    "visible_transitions_ground_truth": 10,
    "visible_transitions_generated": 10,
    "shared_activities": 10,
    "fitness": {
        "percFitTraces": 16.7,
        "averageFitness": 0.9038578947368409,
        "percentage_of_fitting_traces": 16.7,
        "average_trace_fitness": 0.9038578947368409,
        "log_fitness": 0.9046013070557469
    },
    "precision": 0.8521279306829765,
    "time (sec)": "81.71691870689392"
}{
    "log_name": "05.txt",
    "conversation_length": 2,
    "visible_transitions_ground_truth": 11,
    "visible_transitions_generated": 16,
    "shared_activities": 11,
    "fitness": {
        "percFitTraces": 0.44052863436123346,
        "averageFitness": 0.7848929967109619,
        "percentage_of_fitting_traces": 0.44052863436123346,
        "average_trace_fitness": 0.7848929967109619,
        "log_fitness": 0.7827185937316586
    },
    "precision": 1.0,
    "time (sec)": "95.71459531784058"
}{
    "log_name": "06.txt",
    "conversation_length": 2,
    "visible_transitions_ground_truth": 10,
    "visible_transitions_generated": 10,
    "shared_activities": 10,
    "fitness": {
        "percFitTraces": 50.1,
        "averageFitness": 0.9426915347146202,
        "percentage_of_fitting_traces": 50.1,
        "average_trace_fitness": 0.9426915347146202,
        "log_fitness": 0.9429199842198247
    },
    "precision": 0.999389573922598,
    "time (sec)": "69.40443348884583"
}{
    "log_name": "07.txt",
    "conversation_length": 2,
    "visible_transitions_ground_truth": 13,
    "visible_transitions_generated": 13,
    "shared_activities": 13,
    "fitness": {
        "percFitTraces": 1.3297872340425532,
        "averageFitness": 0.7744809315358006,
        "percentage_of_fitting_traces": 1.3297872340425532,
        "average_trace_fitness": 0.7744809315358006,
        "log_fitness": 0.7729632691587685
    },
    "precision": 1.0,
    "time (sec)": "87.89148497581482"
}{
    "log_name": "08.txt",
    "conversation_length": 2,
    "visible_transitions_ground_truth": 12,
    "visible_transitions_generated": 12,
    "shared_activities": 12,
    "fitness": {
        "percFitTraces": 51.2,
        "averageFitness": 0.951199999999993,
        "percentage_of_fitting_traces": 51.2,
        "average_trace_fitness": 0.951199999999993,
        "log_fitness": 0.9512
    },
    "precision": 1.0,
    "time (sec)": "82.86454391479492"
}{
    "log_name": "09.txt",
    "conversation_length": 2,
    "visible_transitions_ground_truth": 13,
    "visible_transitions_generated": 13,
    "shared_activities": 13,
    "fitness": {
        "percFitTraces": 50.0,
        "averageFitness": 0.9676121681935634,
        "percentage_of_fitting_traces": 50.0,
        "average_trace_fitness": 0.9676121681935634,
        "log_fitness": 0.9677812819629026
    },
    "precision": 0.7322720694645442,
    "time (sec)": "102.22754955291748"
}{
    "log_name": "10.txt",
    "conversation_length": 2,
    "visible_transitions_ground_truth": 9,
    "visible_transitions_generated": 10,
    "shared_activities": 9,
    "fitness": {
        "percFitTraces": 0.0,
        "averageFitness": 0.8687022209429773,
        "percentage_of_fitting_traces": 0.0,
        "average_trace_fitness": 0.8687022209429773,
        "log_fitness": 0.874734230188217
    },
    "precision": 0.8886914019106865,
    "time (sec)": "137.78641891479492"
}{
    "log_name": "11.txt",
    "conversation_length": 2,
    "visible_transitions_ground_truth": 12,
    "visible_transitions_generated": 12,
    "shared_activities": 12,
    "fitness": {
        "percFitTraces": 10.606060606060606,
        "averageFitness": 0.8736255503518765,
        "percentage_of_fitting_traces": 10.606060606060606,
        "average_trace_fitness": 0.8736255503518765,
        "log_fitness": 0.874914290354074
    },
    "precision": 0.9894419306184012,
    "time (sec)": "102.96933794021606"
}{
    "log_name": "12.txt",
    "conversation_length": 8,
    "visible_transitions_ground_truth": 10,
    "visible_transitions_generated": 10,
    "shared_activities": 10,
    "fitness": {
        "percFitTraces": 0.6151142355008787,
        "averageFitness": 0.7006313976166988,
        "percentage_of_fitting_traces": 0.6151142355008787,
        "average_trace_fitness": 0.7006313976166988,
        "log_fitness": 0.7005412092915249
    },
    "precision": 0.9984081185951647,
    "time (sec)": "277.3810667991638"
}