{
    "log_name": "01.txt",
    "conversation_length": 2,
    "visible_transitions_ground_truth": 8,
    "visible_transitions_generated": 8,
    "shared_activities": 8,
    "fitness": {
        "percFitTraces": 12.1,
        "averageFitness": 0.688053846153847,
        "percentage_of_fitting_traces": 12.1,
        "average_trace_fitness": 0.688053846153847,
        "log_fitness": 0.7119479053501774
    },
    "precision": 0.9367016747090547,
    "time (sec)": "7.214130401611328"
}{
    "log_name": "02.txt",
    "conversation_length": 8,
    "visible_transitions_ground_truth": 16,
    "visible_transitions_generated": 19,
    "shared_activities": 16,
    "fitness": {
        "percFitTraces": 0.0,
        "averageFitness": 0.818766060886326,
        "percentage_of_fitting_traces": 0.0,
        "average_trace_fitness": 0.818766060886326,
        "log_fitness": 0.8178181597562338
    },
    "precision": 0.8571428571428572,
    "time (sec)": "61.59661293029785"
}{
    "log_name": "03.txt",
    "conversation_length": 2,
    "visible_transitions_ground_truth": 11,
    "visible_transitions_generated": 11,
    "shared_activities": 11,
    "fitness": {
        "percFitTraces": 8.8,
        "averageFitness": 0.864775237680081,
        "percentage_of_fitting_traces": 8.8,
        "average_trace_fitness": 0.864775237680081,
        "log_fitness": 0.8610144469049879
    },
    "precision": 1.0,
    "time (sec)": "8.669682264328003"
}{
    "log_name": "04.txt",
    "conversation_length": 4,
    "visible_transitions_ground_truth": 10,
    "visible_transitions_generated": 11,
    "shared_activities": 10,
    "fitness": {
        "percFitTraces": 0.0,
        "averageFitness": 0.8598619047619029,
        "percentage_of_fitting_traces": 0.0,
        "average_trace_fitness": 0.8598619047619029,
        "log_fitness": 0.8605647517039923
    },
    "precision": 0.8888888888888888,
    "time (sec)": "18.84005570411682"
}{
    "log_name": "05.txt",
    "conversation_length": 2,
    "visible_transitions_ground_truth": 11,
    "visible_transitions_generated": 11,
    "shared_activities": 11,
    "fitness": {
        "percFitTraces": 0.44052863436123346,
        "averageFitness": 0.7848929967109619,
        "percentage_of_fitting_traces": 0.44052863436123346,
        "average_trace_fitness": 0.7848929967109619,
        "log_fitness": 0.7827210466834982
    },
    "precision": 0.7504764697258466,
    "time (sec)": "8.226303339004517"
}{
    "log_name": "06.txt",
    "conversation_length": 4,
    "visible_transitions_ground_truth": 10,
    "visible_transitions_generated": 11,
    "shared_activities": 10,
    "fitness": {
        "percFitTraces": 0.0,
        "averageFitness": 0.8434804887921883,
        "percentage_of_fitting_traces": 0.0,
        "average_trace_fitness": 0.8434804887921883,
        "log_fitness": 0.8390372898222311
    },
    "precision": 0.9786369790883105,
    "time (sec)": "17.47901749610901"
}{
    "log_name": "07.txt",
    "conversation_length": 2,
    "visible_transitions_ground_truth": 13,
    "visible_transitions_generated": 13,
    "shared_activities": 13,
    "fitness": {
        "percFitTraces": 0.7978723404255319,
        "averageFitness": 0.7654227339435944,
        "percentage_of_fitting_traces": 0.7978723404255319,
        "average_trace_fitness": 0.7654227339435944,
        "log_fitness": 0.7642973289155001
    },
    "precision": 1.0,
    "time (sec)": "12.925200939178467"
}{
    "log_name": "08.txt",
    "conversation_length": 2,
    "visible_transitions_ground_truth": 12,
    "visible_transitions_generated": 12,
    "shared_activities": 12,
    "fitness": {
        "percFitTraces": 0.0,
        "averageFitness": 0.8647272727272777,
        "percentage_of_fitting_traces": 0.0,
        "average_trace_fitness": 0.8647272727272777,
        "log_fitness": 0.8647272727272728
    },
    "precision": 0.8649789029535865,
    "time (sec)": "8.559698581695557"
}{
    "log_name": "09.txt",
    "conversation_length": 4,
    "visible_transitions_ground_truth": 13,
    "visible_transitions_generated": 17,
    "shared_activities": 13,
    "fitness": {
        "percFitTraces": 1.1627906976744187,
        "averageFitness": 0.9362814188395582,
        "percentage_of_fitting_traces": 1.1627906976744187,
        "average_trace_fitness": 0.9362814188395582,
        "log_fitness": 0.9363592222799645
    },
    "precision": 0.85,
    "time (sec)": "22.251980781555176"
}{
    "log_name": "10.txt",
    "conversation_length": 2,
    "visible_transitions_ground_truth": 9,
    "visible_transitions_generated": 9,
    "shared_activities": 9,
    "fitness": {
        "percFitTraces": 11.9,
        "averageFitness": 0.7435969873649441,
        "percentage_of_fitting_traces": 11.9,
        "average_trace_fitness": 0.7435969873649441,
        "log_fitness": 0.7821950699784738
    },
    "precision": 1.0,
    "time (sec)": "7.39355206489563"
}{
    "log_name": "11.txt",
    "conversation_length": 4,
    "visible_transitions_ground_truth": 12,
    "visible_transitions_generated": 12,
    "shared_activities": 12,
    "fitness": {
        "percFitTraces": 21.717171717171716,
        "averageFitness": 0.8462430089881067,
        "percentage_of_fitting_traces": 21.717171717171716,
        "average_trace_fitness": 0.8462430089881067,
        "log_fitness": 0.844438298026468
    },
    "precision": 0.9571428571428572,
    "time (sec)": "21.820880651474"
}{
    "log_name": "12.txt",
    "conversation_length": 6,
    "visible_transitions_ground_truth": 10,
    "visible_transitions_generated": 10,
    "shared_activities": 10,
    "fitness": {
        "percFitTraces": 0.06590509666080843,
        "averageFitness": 0.6109252996382657,
        "percentage_of_fitting_traces": 0.06590509666080843,
        "average_trace_fitness": 0.6109252996382657,
        "log_fitness": 0.6106015826103537
    },
    "precision": 0.8929377468497273,
    "time (sec)": "30.36696434020996"
}{
    "log_name": "13.txt",
    "conversation_length": 4,
    "visible_transitions_ground_truth": 9,
    "visible_transitions_generated": 12,
    "shared_activities": 9,
    "fitness": {
        "percFitTraces": 0.0,
        "averageFitness": 0.8982821428571406,
        "percentage_of_fitting_traces": 0.0,
        "average_trace_fitness": 0.8982821428571406,
        "log_fitness": 0.8995871798639965
    },
    "precision": 0.4003013561024611,
    "time (sec)": "17.42799997329712"
}{
    "log_name": "14.txt",
    "conversation_length": 2,
    "visible_transitions_ground_truth": 10,
    "visible_transitions_generated": 10,
    "shared_activities": 10,
    "fitness": {
        "percFitTraces": 0.0,
        "averageFitness": 0.8748537557767961,
        "percentage_of_fitting_traces": 0.0,
        "average_trace_fitness": 0.8748537557767961,
        "log_fitness": 0.8538403472353274
    },
    "precision": 0.7992540295723991,
    "time (sec)": "7.499993801116943"
}{
    "log_name": "15.txt",
    "conversation_length": "Error",
    "visible_transitions_ground_truth": 10,
    "visible_transitions_generated": "None",
    "shared_activities": "None",
    "fitness": "None",
    "precision": "None",
    "time (sec)": "0.3322935104370117",
    "error": "429 Resource has been exhausted (e.g. check quota)."
}{
    "log_name": "16.txt",
    "conversation_length": "Error",
    "visible_transitions_ground_truth": 24,
    "visible_transitions_generated": "None",
    "shared_activities": "None",
    "fitness": "None",
    "precision": "None",
    "time (sec)": "22.326849937438965",
    "error": "429 Resource has been exhausted (e.g. check quota)."
}{
    "log_name": "17.txt",
    "conversation_length": "Error",
    "visible_transitions_ground_truth": 25,
    "visible_transitions_generated": "None",
    "shared_activities": "None",
    "fitness": "None",
    "precision": "None",
    "time (sec)": "44.36341714859009",
    "error": "429 Resource has been exhausted (e.g. check quota)."
}{
    "log_name": "18.txt",